<?xml version="1.0" encoding="UTF-8"?>
<root>
  <item name="com.facebook.react.uimanager.events.EventDispatcher void registerEventEmitter(int, com.facebook.react.uimanager.events.RCTEventEmitter) 0">
    <annotation name="androidx.annotation.IntDef">
      <val name="value" val="{com.facebook.react.uimanager.common.UIManagerType.DEFAULT, com.facebook.react.uimanager.common.UIManagerType.FABRIC}" />
    </annotation>
  </item>
  <item name="com.facebook.react.uimanager.events.EventDispatcher void unregisterEventEmitter(int) 0">
    <annotation name="androidx.annotation.IntDef">
      <val name="value" val="{com.facebook.react.uimanager.common.UIManagerType.DEFAULT, com.facebook.react.uimanager.common.UIManagerType.FABRIC}" />
    </annotation>
  </item>
  <item name="com.facebook.react.uimanager.events.ReactEventEmitter void register(int, com.facebook.react.uimanager.events.RCTEventEmitter) 0">
    <annotation name="androidx.annotation.IntDef">
      <val name="value" val="{com.facebook.react.uimanager.common.UIManagerType.DEFAULT, com.facebook.react.uimanager.common.UIManagerType.FABRIC}" />
    </annotation>
  </item>
  <item name="com.facebook.react.uimanager.events.ReactEventEmitter void unregister(int) 0">
    <annotation name="androidx.annotation.IntDef">
      <val name="value" val="{com.facebook.react.uimanager.common.UIManagerType.DEFAULT, com.facebook.react.uimanager.common.UIManagerType.FABRIC}" />
    </annotation>
  </item>
</root>

